model,task,decode_batch,team_size,rounds,carry_history,enable_thinking,self_correct,run_id,n_queries,per_query_energy_j,per_query_in_tok,per_query_out_tok,per_query_think_tok,per_query_answer_tok,accuracy,trunc_frac,wall_latency_s
Qwen/Qwen3-8B,mmlu_hard,64,1,1,0,1,1,0,32,516.511,155.3,1242.5,1174.1,68.4,0.8438,0.062,55.33
Qwen/Qwen3-8B,gsmhard,64,1,1,0,1,1,0,32,517.799,122.3,1276.2,1188.2,88.0,0.7812,0.094,55.55
Qwen/Qwen3-8B,gpqa,64,1,1,0,1,1,0,32,732.712,345.7,2968.5,2917.6,50.9,0.375,0.438,78.47
Qwen/Qwen3-8B,mmlu_hard,64,1,2,0,1,1,0,32,1023.344,436.4,2374.7,2200.2,174.4,0.875,0.047,109.71
Qwen/Qwen3-8B,gsmhard,64,1,2,0,1,1,0,32,1036.506,386.8,2557.8,2357.1,200.7,0.7812,0.062,111.02
Qwen/Qwen3-8B,gpqa,64,1,2,0,1,1,0,32,1437.612,804.2,5998.1,5857.6,140.4,0.4375,0.438,154.02
Qwen/Qwen3-8B,mmlu_hard,64,1,3,0,1,1,0,32,1537.483,737.2,3602.2,3330.7,271.5,0.9062,0.062,164.99
Qwen/Qwen3-8B,gsmhard,64,1,3,0,1,1,0,32,1552.34,648.4,3816.2,3503.7,312.5,0.8125,0.073,166.35
Qwen/Qwen3-8B,gpqa,64,1,3,0,1,1,0,32,2231.053,1250.7,9131.5,8946.6,185.0,0.3438,0.5,239.08
Qwen/Qwen3-8B,mmlu_hard,64,1,4,0,1,1,0,32,2092.066,1043.3,5133.5,4741.3,392.2,0.875,0.07,224.29
Qwen/Qwen3-8B,gsmhard,64,1,4,0,1,1,0,32,2083.169,910.9,5301.1,4897.5,403.6,0.8125,0.086,223.25
Qwen/Qwen3-8B,gpqa,64,1,4,0,1,1,0,32,3000.651,1717.2,12055.7,11766.7,289.0,0.3438,0.492,321.39
Qwen/Qwen3-8B,mmlu_hard,64,1,5,0,1,1,0,32,2560.875,1345.9,5761.1,5269.9,491.2,0.875,0.05,274.63
Qwen/Qwen3-8B,gsmhard,64,1,5,0,1,1,0,32,2644.569,1172.8,6949.0,6446.5,502.5,0.8125,0.106,283.39
Qwen/Qwen3-8B,gpqa,64,1,5,0,1,1,0,32,3792.638,2167.2,15183.6,14842.1,341.5,0.3438,0.5,406.5
Qwen/Qwen3-8B,mmlu_hard,64,1,6,0,1,1,0,32,3124.939,1651.9,7318.0,6719.4,598.6,0.875,0.062,335.09
Qwen/Qwen3-8B,gsmhard,64,1,6,0,1,1,0,32,3133.002,1439.3,7782.8,7165.6,617.2,0.8125,0.089,335.81
Qwen/Qwen3-8B,gpqa,64,1,6,0,1,1,0,32,4650.291,2603.5,18867.7,18455.9,411.8,0.3438,0.531,498.38
Qwen/Qwen3-8B,mmlu_hard,64,1,1,0,1,1,1,32,504.756,156.6,992.0,920.5,71.5,0.875,0.062,54.09
Qwen/Qwen3-8B,gsmhard,64,1,1,0,1,1,1,32,516.801,126.3,1255.6,1140.9,114.6,0.7188,0.062,55.38
Qwen/Qwen3-8B,gpqa,64,1,1,0,1,1,1,32,688.443,246.5,3145.9,3103.7,42.2,0.2812,0.531,73.79
Qwen/Qwen3-8B,mmlu_hard,64,1,2,0,1,1,1,32,775.32,445.4,1995.8,1808.6,187.2,0.9062,0.0,83.21
Qwen/Qwen3-8B,gsmhard,64,1,2,0,1,1,1,32,1035.029,400.5,2576.7,2343.2,233.4,0.75,0.062,111.01
Qwen/Qwen3-8B,gpqa,64,1,2,0,1,1,1,32,1377.937,584.0,6383.3,6298.2,85.1,0.25,0.594,147.63
Qwen/Qwen3-8B,mmlu_hard,64,1,3,0,1,1,1,32,1473.474,750.8,2952.1,2646.2,305.9,0.875,0.021,157.91
Qwen/Qwen3-8B,gsmhard,64,1,3,0,1,1,1,32,1599.671,663.9,4327.9,3985.0,342.9,0.75,0.073,171.45
Qwen/Qwen3-8B,gpqa,64,1,3,0,1,1,1,32,2036.873,956.3,9094.9,8905.1,189.8,0.2812,0.5,218.13
Qwen/Qwen3-8B,mmlu_hard,64,1,4,0,1,1,1,32,1927.675,1062.2,3757.9,3347.8,410.2,0.875,0.023,206.62
Qwen/Qwen3-8B,gsmhard,64,1,4,0,1,1,1,32,2164.213,918.3,6219.4,5795.8,423.7,0.7188,0.125,232.01
Qwen/Qwen3-8B,gpqa,64,1,4,0,1,1,1,32,2733.75,1293.3,12304.8,12077.6,227.2,0.2812,0.555,292.88
Qwen/Qwen3-8B,mmlu_hard,64,1,5,0,1,1,1,32,1505.374,1382.8,4316.2,3784.7,531.5,0.9062,0.0,161.34
Qwen/Qwen3-8B,gsmhard,64,1,5,0,1,1,1,32,2696.862,1205.9,7629.0,7072.6,556.4,0.7188,0.081,289.13
Qwen/Qwen3-8B,gpqa,64,1,5,0,1,1,1,32,3432.521,1639.0,15583.8,15308.8,274.9,0.2812,0.562,367.87
Qwen/Qwen3-8B,mmlu_hard,64,1,6,0,1,1,1,32,2043.553,1695.9,5111.0,4472.3,638.7,0.9062,0.005,219.03
Qwen/Qwen3-8B,gsmhard,64,1,6,0,1,1,1,32,3192.273,1487.1,8585.7,7883.2,702.4,0.7188,0.078,342.03
Qwen/Qwen3-8B,gpqa,64,1,6,0,1,1,1,32,4099.717,1987.6,18361.8,18018.0,343.8,0.2812,0.562,439.23
Qwen/Qwen3-8B,mmlu_hard,64,1,1,0,1,1,2,32,501.764,154.8,1153.8,1079.9,73.9,0.9062,0.031,53.83
Qwen/Qwen3-8B,gsmhard,64,1,1,0,1,1,2,32,512.042,121.5,1104.5,1018.2,86.3,0.8438,0.062,54.86
Qwen/Qwen3-8B,gpqa,64,1,1,0,1,1,2,32,705.377,340.4,2703.2,2648.3,54.9,0.4375,0.375,75.59
Qwen/Qwen3-8B,mmlu_hard,64,1,2,0,1,1,2,32,1013.317,437.8,2193.6,2016.7,176.9,0.8438,0.031,108.65
Qwen/Qwen3-8B,gsmhard,64,1,2,0,1,1,2,32,1037.431,382.3,2460.6,2256.9,203.7,0.8125,0.062,111.15
Qwen/Qwen3-8B,gpqa,64,1,2,0,1,1,2,32,1434.921,789.9,5517.1,5396.9,120.2,0.3438,0.422,153.68
Qwen/Qwen3-8B,mmlu_hard,64,1,3,0,1,1,2,32,1481.137,737.2,2930.5,2644.5,286.0,0.9062,0.031,158.73
Qwen/Qwen3-8B,gsmhard,64,1,3,0,1,1,2,32,1563.714,646.7,3771.3,3477.4,293.9,0.8125,0.073,167.56
Qwen/Qwen3-8B,gpqa,64,1,3,0,1,1,2,32,2104.669,1256.2,7906.6,7690.8,215.8,0.375,0.375,225.53
Qwen/Qwen3-8B,mmlu_hard,64,1,4,0,1,1,2,32,1991.549,1040.4,4022.4,3633.7,388.7,0.9375,0.031,213.46
Qwen/Qwen3-8B,gsmhard,64,1,4,0,1,1,2,32,2088.3,909.8,5073.4,4665.8,407.7,0.8125,0.062,223.8
Qwen/Qwen3-8B,gpqa,64,1,4,0,1,1,2,32,2882.607,1699.9,10813.4,10526.6,286.8,0.4062,0.438,309.01
Qwen/Qwen3-8B,mmlu_hard,64,1,5,0,1,1,2,32,2250.746,1363.9,4899.9,4381.0,518.9,0.9062,0.019,241.33
Qwen/Qwen3-8B,gsmhard,64,1,5,0,1,1,2,32,2600.169,1176.0,6227.1,5711.0,516.1,0.8125,0.062,278.77
Qwen/Qwen3-8B,gpqa,64,1,5,0,1,1,2,32,3625.401,2154.7,13731.2,13341.4,389.8,0.4375,0.444,388.47
Qwen/Qwen3-8B,mmlu_hard,64,1,6,0,1,1,2,32,2971.752,1654.2,5915.8,5308.6,607.1,0.875,0.031,318.42
Qwen/Qwen3-8B,gsmhard,64,1,6,0,1,1,2,32,3111.776,1426.8,7236.0,6631.9,604.1,0.8438,0.073,333.67
Qwen/Qwen3-8B,gpqa,64,1,6,0,1,1,2,32,4413.838,2595.8,16564.8,16132.2,432.7,0.4062,0.464,472.89
